{"stats":{"minecraft:mined":{"minecraft:grass_block":1,"minecraft:grass":1,"minecraft:coal_ore":4,"minecraft:oak_log":14,"minecraft:dirt":2,"minecraft:tall_grass":2,"minecraft:stone":14,"minecraft:oak_leaves":3,"minecraft:crafting_table":2},"minecraft:crafted":{"minecraft:oak_planks":20,"minecraft:crafting_table":1,"minecraft:stick":8,"minecraft:stone_pickaxe":1,"minecraft:wooden_pickaxe":1,"minecraft:wooden_axe":1},"minecraft:used":{"minecraft:wooden_axe":17,"minecraft:dirt":2,"minecraft:crafting_table":2,"minecraft:wooden_pickaxe":18},"minecraft:custom":{"minecraft:time_since_rest":9190,"minecraft:crouch_one_cm":549,"minecraft:sprint_one_cm":6112,"minecraft:play_time":9190,"minecraft:damage_taken":70,"minecraft:walk_one_cm":5492,"minecraft:sneak_time":196,"minecraft:jump":100,"minecraft:leave_game":5,"minecraft:time_since_death":9190,"minecraft:total_world_time":9190,"minecraft:fall_one_cm":4190,"minecraft:interact_with_crafting_table":4,"minecraft:fly_one_cm":23727},"minecraft:picked_up":{"minecraft:crafting_table":2,"minecraft:wheat_seeds":1,"minecraft:oak_log":14,"minecraft:oak_sapling":1,"minecraft:coal":4,"minecraft:dirt":3,"minecraft:cobblestone":14}},"DataVersion":3465}