{"stats":{"minecraft:killed_by":{"minecraft:spider":1},"minecraft:killed":{"minecraft:spider":2,"minecraft:skeleton":3,"minecraft:sheep":4,"minecraft:zombie":7,"minecraft:cow":8},"minecraft:dropped":{"minecraft:porkchop":1,"minecraft:wheat_seeds":1,"minecraft:cooked_beef":6,"minecraft:oak_log":16,"minecraft:glow_ink_sac":4,"minecraft:rotten_flesh":2,"minecraft:oak_planks":42,"minecraft:leather":8,"minecraft:apple":1,"patchouli:guide_book":1,"moreusefulcopper:copper_chestplate":1,"moreusefulcopper:copper_boots":1,"minecraft:oak_sapling":5,"minecraft:spider_eye":1,"minecraft:arrow":4,"minecraft:stone_pickaxe":1,"moreusefulcopper:copper_leggings":1,"minecraft:white_wool":3,"moreusefulcopper:copper_helmet":1},"minecraft:used":{"minecraft:cooked_mutton":2,"minecraft:stone_pickaxe":131,"moreusefulcopper:copper_helmet":1,"minecraft:chest":1,"minecraft:wooden_pickaxe":59,"minecraft:stone":1,"moreusefulcopper:copper_leggings":1,"minecraft:torch":6,"minecraft:golden_apple":2,"minecraft:dirt":5,"minecraft:crafting_table":3,"minecraft:white_bed":1,"moreusefulcopper:copper_boots":1,"minecraft:wooden_axe":33,"minecraft:grass_block":1,"minecraft:iron_pickaxe":53,"moreusefulcopper:copper_bucket":1,"minecraft:stone_axe":51,"minecraft:cobblestone":103,"minecraft:furnace":1,"minecraft:cooked_beef":9},"minecraft:crafted":{"minecraft:cooked_beef":19,"minecraft:oak_planks":32,"minecraft:crafting_table":1,"minecraft:wooden_pickaxe":1,"minecraft:furnace":1,"minecraft:copper_ingot":44,"minecraft:stone_axe":1,"minecraft:cooked_mutton":6,"minecraft:air":0,"torchesntrinkets:torch_belt":1,"moreusefulcopper:copper_helmet":2,"moreusefulcopper:copper_leggings":2,"minecraft:iron_chestplate":1,"moreusefulcopper:copper_bucket":1,"minecraft:stick":20,"moreusefulcopper:copper_boots":2,"minecraft:iron_ingot":13,"minecraft:iron_pickaxe":1,"minecraft:stone_pickaxe":1,"minecraft:wooden_axe":1,"minecraft:chest":1,"minecraft:white_bed":1,"minecraft:torch":92,"moreusefulcopper:copper_chestplate":1},"minecraft:picked_up":{"minecraft:wooden_axe":1,"minecraft:crafting_table":2,"minecraft:cooked_beef":16,"minecraft:glow_ink_sac":8,"minecraft:leather":22,"minecraft:wooden_pickaxe":1,"minecraft:oak_log":48,"minecraft:dirt":5,"minecraft:string":1,"minecraft:raw_copper":88,"minecraft:cooked_mutton":2,"minecraft:bone":6,"minecraft:apple":1,"minecraft:wheat_seeds":1,"minecraft:stone_pickaxe":2,"minecraft:iron_ingot":10,"minecraft:beef":20,"minecraft:iron_pickaxe":1,"minecraft:oak_planks":42,"minecraft:stick":13,"minecraft:raw_iron":13,"patchouli:guide_book":2,"minecraft:torch":5,"minecraft:porkchop":1,"minecraft:white_bed":1,"minecraft:spider_eye":1,"minecraft:arrow":6,"minecraft:rotten_flesh":10,"minecraft:stone_axe":1,"minecraft:oak_sapling":6,"minecraft:mutton":6,"minecraft:coal":101,"minecraft:white_wool":7,"minecraft:cobblestone":160},"minecraft:broken":{"minecraft:stone_pickaxe":1,"minecraft:wooden_pickaxe":1},"minecraft:custom":{"minecraft:interact_with_furnace":27,"minecraft:mob_kills":24,"minecraft:interact_with_crafting_table":29,"minecraft:leave_game":8,"minecraft:time_since_death":55904,"minecraft:sleep_in_bed":4,"minecraft:time_since_rest":4087,"minecraft:sprint_one_cm":77209,"minecraft:damage_taken":1192,"minecraft:walk_one_cm":76239,"minecraft:drop":21,"minecraft:damage_dealt":3477,"minecraft:swim_one_cm":121,"minecraft:fly_one_cm":360298,"minecraft:open_chest":3,"minecraft:crouch_one_cm":23198,"minecraft:play_time":96651,"minecraft:deaths":1,"minecraft:sneak_time":9762,"minecraft:walk_under_water_one_cm":7548,"minecraft:jump":1223,"minecraft:walk_on_water_one_cm":5940,"minecraft:total_world_time":96651,"minecraft:fall_one_cm":25376},"minecraft:mined":{"minecraft:crafting_table":2,"minecraft:grass_block":1,"minecraft:tall_grass":7,"minecraft:copper_ore":11,"minecraft:cobblestone":21,"minecraft:iron_ore":13,"minecraft:grass":5,"minecraft:oak_log":23,"minecraft:coal_ore":81,"minecraft:dirt":4,"minecraft:stone":116,"minecraft:oak_leaves":4}},"DataVersion":3465}