{"stats":{"minecraft:dropped":{"minecraft:wheat_seeds":1,"minecraft:rotten_flesh":2},"minecraft:crafted":{"minecraft:cooked_beef":19,"minecraft:oak_planks":20,"minecraft:crafting_table":1,"minecraft:wooden_pickaxe":1,"minecraft:furnace":1,"minecraft:stone_axe":1,"minecraft:cooked_mutton":4,"minecraft:air":0,"torchesntrinkets:torch_belt":1,"minecraft:stick":12,"minecraft:iron_ingot":13,"minecraft:iron_pickaxe":1,"minecraft:stone_pickaxe":1,"minecraft:wooden_axe":1,"minecraft:white_bed":1,"minecraft:torch":8},"minecraft:used":{"minecraft:cooked_mutton":2,"minecraft:stone_pickaxe":101,"minecraft:wooden_pickaxe":59,"minecraft:stone":1,"minecraft:torch":3,"minecraft:golden_apple":2,"minecraft:dirt":5,"minecraft:crafting_table":3,"minecraft:white_bed":1,"minecraft:wooden_axe":33,"minecraft:grass_block":1,"minecraft:stone_axe":29,"minecraft:cobblestone":49,"minecraft:furnace":1,"minecraft:cooked_beef":5},"minecraft:killed":{"minecraft:spider":2,"minecraft:sheep":4,"minecraft:skeleton":2,"minecraft:zombie":4,"minecraft:cow":8},"minecraft:picked_up":{"minecraft:wooden_axe":1,"minecraft:crafting_table":2,"minecraft:cooked_beef":16,"minecraft:glow_ink_sac":4,"minecraft:leather":22,"minecraft:oak_log":23,"minecraft:dirt":5,"minecraft:string":1,"minecraft:raw_copper":88,"minecraft:cooked_mutton":2,"minecraft:bone":6,"minecraft:wheat_seeds":1,"minecraft:stone_pickaxe":1,"minecraft:beef":20,"minecraft:iron_ingot":10,"minecraft:iron_pickaxe":1,"minecraft:oak_planks":1,"minecraft:raw_iron":13,"patchouli:guide_book":1,"minecraft:torch":5,"minecraft:white_bed":1,"minecraft:spider_eye":1,"minecraft:arrow":3,"minecraft:rotten_flesh":4,"minecraft:stone_axe":1,"minecraft:oak_sapling":2,"minecraft:mutton":4,"minecraft:coal":65,"minecraft:white_wool":5,"minecraft:cobblestone":112},"minecraft:mined":{"minecraft:crafting_table":2,"minecraft:grass_block":1,"minecraft:tall_grass":6,"minecraft:copper_ore":11,"minecraft:cobblestone":5,"minecraft:iron_ore":13,"minecraft:grass":5,"minecraft:oak_log":14,"minecraft:coal_ore":45,"minecraft:dirt":4,"minecraft:stone":86,"minecraft:oak_leaves":3},"minecraft:custom":{"minecraft:interact_with_furnace":15,"minecraft:mob_kills":20,"minecraft:interact_with_crafting_table":15,"minecraft:leave_game":6,"minecraft:time_since_death":18335,"minecraft:sleep_in_bed":1,"minecraft:time_since_rest":15172,"minecraft:sprint_one_cm":43146,"minecraft:damage_taken":840,"minecraft:walk_one_cm":40881,"minecraft:drop":3,"minecraft:damage_dealt":2706,"minecraft:fly_one_cm":164134,"minecraft:crouch_one_cm":13101,"minecraft:play_time":59082,"minecraft:deaths":1,"minecraft:sneak_time":6246,"minecraft:walk_under_water_one_cm":7367,"minecraft:jump":677,"minecraft:walk_on_water_one_cm":5453,"minecraft:total_world_time":59082,"minecraft:fall_one_cm":14876},"minecraft:killed_by":{"minecraft:spider":1},"minecraft:broken":{"minecraft:wooden_pickaxe":1}},"DataVersion":3465}