{"stats":{"minecraft:mined":{"minecraft:iron_ore":13,"minecraft:crafting_table":2,"minecraft:grass":4,"minecraft:oak_log":14,"minecraft:grass_block":1,"minecraft:coal_ore":26,"minecraft:dirt":4,"minecraft:copper_ore":11,"minecraft:tall_grass":5,"minecraft:cobblestone":3,"minecraft:stone":77,"minecraft:oak_leaves":3},"minecraft:broken":{"minecraft:wooden_pickaxe":1},"minecraft:used":{"minecraft:cooked_mutton":2,"minecraft:wooden_axe":33,"minecraft:stone_pickaxe":71,"minecraft:wooden_pickaxe":59,"minecraft:stone":1,"minecraft:torch":3,"minecraft:golden_apple":1,"minecraft:stone_axe":15,"minecraft:dirt":5,"minecraft:cobblestone":45,"minecraft:crafting_table":3,"minecraft:furnace":1,"minecraft:cooked_beef":2},"minecraft:crafted":{"minecraft:cooked_beef":18,"minecraft:oak_planks":20,"minecraft:crafting_table":1,"minecraft:stick":12,"minecraft:iron_pickaxe":1,"minecraft:iron_ingot":3,"minecraft:wooden_pickaxe":1,"minecraft:stone_pickaxe":1,"minecraft:wooden_axe":1,"minecraft:furnace":1,"minecraft:torch":8,"minecraft:stone_axe":1,"minecraft:air":0,"minecraft:cooked_mutton":4},"minecraft:custom":{"minecraft:time_since_rest":33190,"minecraft:interact_with_furnace":10,"minecraft:sprint_one_cm":31866,"minecraft:damage_taken":360,"minecraft:walk_one_cm":26798,"minecraft:mob_kills":15,"minecraft:drop":3,"minecraft:damage_dealt":1740,"minecraft:interact_with_crafting_table":9,"minecraft:fly_one_cm":92604,"minecraft:crouch_one_cm":11320,"minecraft:play_time":33190,"minecraft:sneak_time":5613,"minecraft:walk_under_water_one_cm":6302,"minecraft:jump":518,"minecraft:leave_game":5,"minecraft:time_since_death":33190,"minecraft:walk_on_water_one_cm":2283,"minecraft:total_world_time":33190,"minecraft:fall_one_cm":11798},"minecraft:killed":{"minecraft:skeleton":1,"minecraft:sheep":4,"minecraft:zombie":3,"minecraft:cow":7},"minecraft:picked_up":{"minecraft:raw_iron":13,"minecraft:crafting_table":2,"minecraft:leather":9,"minecraft:oak_log":14,"minecraft:dirt":5,"minecraft:raw_copper":44,"minecraft:bone":2,"minecraft:arrow":2,"minecraft:rotten_flesh":2,"minecraft:wheat_seeds":1,"minecraft:beef":18,"minecraft:oak_sapling":1,"minecraft:mutton":4,"minecraft:coal":26,"minecraft:white_wool":4,"minecraft:cobblestone":80},"minecraft:dropped":{"minecraft:wheat_seeds":1,"minecraft:rotten_flesh":2}},"DataVersion":3465}