{"stats":{"minecraft:killed_by":{"minecraft:spider":1},"minecraft:killed":{"minecraft:spider":3,"minecraft:skeleton":3,"minecraft:sheep":4,"minecraft:zombie":7,"minecraft:cow":12},"minecraft:dropped":{"minecraft:porkchop":1,"minecraft:wheat_seeds":1,"minecraft:cooked_beef":6,"minecraft:oak_log":16,"minecraft:glow_ink_sac":4,"minecraft:rotten_flesh":2,"minecraft:oak_planks":42,"minecraft:leather":8,"minecraft:apple":1,"patchouli:guide_book":1,"moreusefulcopper:copper_chestplate":1,"moreusefulcopper:copper_boots":1,"minecraft:oak_sapling":5,"minecraft:spider_eye":1,"minecraft:arrow":4,"minecraft:stone_pickaxe":1,"moreusefulcopper:copper_leggings":1,"minecraft:white_wool":3,"moreusefulcopper:copper_helmet":1},"minecraft:used":{"minecraft:cooked_mutton":3,"minecraft:stone_pickaxe":131,"moreusefulcopper:copper_helmet":1,"minecraft:chest":1,"minecraft:wooden_pickaxe":59,"minecraft:stone":1,"moreusefulcopper:copper_leggings":1,"minecraft:torch":17,"minecraft:golden_apple":2,"minecraft:dirt":5,"moreusefulcopper:copper_water_bucket":2,"minecraft:crafting_table":3,"minecraft:white_bed":1,"moreusefulcopper:copper_boots":1,"minecraft:wooden_axe":33,"minecraft:grass_block":1,"minecraft:iron_pickaxe":155,"moreusefulcopper:copper_bucket":2,"minecraft:stone_axe":60,"minecraft:cobblestone":114,"minecraft:furnace":2,"minecraft:cooked_beef":10},"minecraft:crafted":{"minecraft:cooked_beef":26,"minecraft:oak_planks":32,"minecraft:crafting_table":1,"minecraft:iron_helmet":1,"minecraft:wooden_pickaxe":1,"minecraft:furnace":2,"minecraft:copper_ingot":44,"minecraft:stone_axe":1,"minecraft:cooked_mutton":6,"minecraft:air":0,"torchesntrinkets:torch_belt":1,"moreusefulcopper:copper_helmet":2,"moreusefulcopper:copper_leggings":2,"minecraft:iron_boots":1,"minecraft:iron_chestplate":1,"moreusefulcopper:copper_bucket":1,"minecraft:stick":20,"moreusefulcopper:copper_boots":2,"minecraft:iron_ingot":26,"minecraft:iron_pickaxe":1,"minecraft:stone_pickaxe":1,"minecraft:wooden_axe":1,"minecraft:chest":1,"minecraft:gold_ingot":6,"minecraft:white_bed":1,"minecraft:torch":92,"moreusefulcopper:copper_chestplate":1},"minecraft:picked_up":{"minecraft:wooden_axe":1,"minecraft:crafting_table":2,"minecraft:cooked_beef":16,"minecraft:glow_ink_sac":8,"minecraft:leather":25,"minecraft:wooden_pickaxe":1,"minecraft:oak_log":48,"minecraft:dirt":5,"minecraft:string":3,"minecraft:raw_copper":88,"minecraft:cooked_mutton":2,"minecraft:bone":6,"minecraft:apple":1,"minecraft:wheat_seeds":1,"minecraft:cobbled_deepslate":41,"minecraft:raw_gold":10,"minecraft:stone_pickaxe":2,"minecraft:iron_ingot":10,"minecraft:beef":27,"minecraft:iron_pickaxe":1,"minecraft:oak_planks":42,"minecraft:stick":13,"minecraft:raw_iron":26,"minecraft:oak_door":2,"patchouli:guide_book":2,"minecraft:torch":7,"minecraft:porkchop":1,"minecraft:white_bed":1,"minecraft:redstone":13,"minecraft:spider_eye":1,"minecraft:arrow":6,"minecraft:rotten_flesh":10,"minecraft:diamond":1,"minecraft:stone_axe":1,"minecraft:oak_sapling":6,"minecraft:mutton":6,"minecraft:coal":101,"minecraft:white_wool":7,"minecraft:cobblestone":194},"minecraft:broken":{"minecraft:stone_pickaxe":1,"minecraft:wooden_pickaxe":1},"minecraft:custom":{"minecraft:interact_with_furnace":42,"minecraft:mob_kills":29,"minecraft:interact_with_crafting_table":31,"minecraft:leave_game":9,"minecraft:time_since_death":73867,"minecraft:sleep_in_bed":5,"minecraft:time_since_rest":4456,"minecraft:sprint_one_cm":95437,"minecraft:damage_taken":1340,"minecraft:walk_one_cm":95154,"minecraft:drop":21,"minecraft:damage_dealt":4037,"minecraft:swim_one_cm":4343,"minecraft:fly_one_cm":414461,"minecraft:open_chest":8,"minecraft:crouch_one_cm":33311,"minecraft:play_time":114614,"minecraft:deaths":1,"minecraft:sneak_time":13973,"minecraft:walk_under_water_one_cm":18602,"minecraft:jump":1545,"minecraft:walk_on_water_one_cm":12968,"minecraft:total_world_time":114614,"minecraft:fall_one_cm":32083},"minecraft:mined":{"minecraft:deepslate_redstone_ore":3,"minecraft:deepslate_diamond_ore":1,"minecraft:oak_door":2,"minecraft:crafting_table":2,"minecraft:grass_block":1,"minecraft:tall_grass":7,"minecraft:copper_ore":11,"minecraft:cobblestone":21,"minecraft:deepslate_gold_ore":10,"minecraft:iron_ore":21,"minecraft:grass":5,"minecraft:oak_log":23,"minecraft:coal_ore":81,"minecraft:deepslate_iron_ore":5,"minecraft:dirt":4,"minecraft:stone":150,"minecraft:deepslate":41,"minecraft:oak_leaves":4}},"DataVersion":3465}