{"stats":{"minecraft:mined":{"minecraft:iron_ore":3,"minecraft:crafting_table":2,"minecraft:grass":4,"minecraft:oak_log":14,"minecraft:grass_block":1,"minecraft:coal_ore":25,"minecraft:dirt":4,"minecraft:copper_ore":11,"minecraft:tall_grass":5,"minecraft:cobblestone":1,"minecraft:stone":65,"minecraft:oak_leaves":3},"minecraft:broken":{"minecraft:wooden_pickaxe":1},"minecraft:used":{"minecraft:cooked_mutton":2,"minecraft:wooden_axe":33,"minecraft:stone_pickaxe":46,"minecraft:wooden_pickaxe":59,"minecraft:golden_apple":1,"minecraft:stone_axe":15,"minecraft:dirt":5,"minecraft:cobblestone":1,"minecraft:crafting_table":3,"minecraft:furnace":1,"minecraft:cooked_beef":2},"minecraft:crafted":{"minecraft:cooked_beef":3,"minecraft:oak_planks":20,"minecraft:crafting_table":1,"minecraft:stick":8,"minecraft:iron_ingot":3,"minecraft:wooden_pickaxe":1,"minecraft:stone_pickaxe":1,"minecraft:wooden_axe":1,"minecraft:furnace":1,"minecraft:stone_axe":1,"minecraft:air":0,"minecraft:cooked_mutton":2},"minecraft:custom":{"minecraft:time_since_rest":21190,"minecraft:interact_with_furnace":8,"minecraft:sprint_one_cm":18946,"minecraft:damage_taken":330,"minecraft:walk_one_cm":16734,"minecraft:mob_kills":15,"minecraft:drop":2,"minecraft:damage_dealt":1740,"minecraft:interact_with_crafting_table":7,"minecraft:fly_one_cm":64597,"minecraft:crouch_one_cm":4394,"minecraft:play_time":21190,"minecraft:sneak_time":3490,"minecraft:jump":320,"minecraft:leave_game":5,"minecraft:time_since_death":21190,"minecraft:walk_on_water_one_cm":103,"minecraft:total_world_time":21190,"minecraft:fall_one_cm":8567},"minecraft:killed":{"minecraft:skeleton":1,"minecraft:sheep":4,"minecraft:zombie":3,"minecraft:cow":7},"minecraft:picked_up":{"minecraft:raw_iron":3,"minecraft:crafting_table":2,"minecraft:leather":9,"minecraft:oak_log":14,"minecraft:dirt":5,"minecraft:raw_copper":44,"minecraft:bone":2,"minecraft:arrow":2,"minecraft:rotten_flesh":2,"minecraft:wheat_seeds":1,"minecraft:beef":18,"minecraft:oak_sapling":1,"minecraft:mutton":4,"minecraft:coal":25,"minecraft:white_wool":4,"minecraft:cobblestone":66},"minecraft:dropped":{"minecraft:rotten_flesh":2}},"DataVersion":3465}