{"stats":{"minecraft:killed_by":{"minecraft:spider":1},"minecraft:killed":{"minecraft:spider":2,"minecraft:skeleton":3,"minecraft:sheep":4,"minecraft:zombie":7,"minecraft:cow":8},"minecraft:dropped":{"minecraft:wheat_seeds":1,"minecraft:rotten_flesh":2},"minecraft:used":{"minecraft:cooked_mutton":2,"minecraft:stone_pickaxe":131,"moreusefulcopper:copper_helmet":1,"minecraft:wooden_pickaxe":59,"minecraft:stone":1,"moreusefulcopper:copper_leggings":1,"minecraft:torch":6,"minecraft:golden_apple":2,"minecraft:dirt":5,"minecraft:crafting_table":3,"minecraft:white_bed":1,"moreusefulcopper:copper_boots":1,"minecraft:wooden_axe":33,"minecraft:grass_block":1,"minecraft:iron_pickaxe":40,"minecraft:stone_axe":45,"minecraft:cobblestone":74,"minecraft:furnace":1,"minecraft:cooked_beef":7},"minecraft:crafted":{"minecraft:cooked_beef":19,"minecraft:oak_planks":20,"minecraft:crafting_table":1,"minecraft:wooden_pickaxe":1,"minecraft:furnace":1,"minecraft:copper_ingot":22,"minecraft:stone_axe":1,"minecraft:cooked_mutton":4,"minecraft:air":0,"torchesntrinkets:torch_belt":1,"moreusefulcopper:copper_helmet":1,"moreusefulcopper:copper_leggings":1,"minecraft:iron_chestplate":1,"moreusefulcopper:copper_bucket":1,"minecraft:stick":12,"moreusefulcopper:copper_boots":1,"minecraft:iron_ingot":13,"minecraft:iron_pickaxe":1,"minecraft:stone_pickaxe":1,"minecraft:wooden_axe":1,"minecraft:white_bed":1,"minecraft:torch":8},"minecraft:picked_up":{"minecraft:wooden_axe":1,"minecraft:crafting_table":2,"minecraft:cooked_beef":16,"minecraft:glow_ink_sac":4,"minecraft:leather":22,"minecraft:oak_log":27,"minecraft:dirt":5,"minecraft:string":1,"minecraft:raw_copper":88,"minecraft:cooked_mutton":2,"minecraft:bone":6,"minecraft:wheat_seeds":1,"minecraft:stone_pickaxe":1,"minecraft:iron_ingot":10,"minecraft:beef":20,"minecraft:iron_pickaxe":1,"minecraft:oak_planks":1,"minecraft:stick":2,"minecraft:raw_iron":13,"patchouli:guide_book":1,"minecraft:torch":5,"minecraft:white_bed":1,"minecraft:spider_eye":1,"minecraft:arrow":5,"minecraft:rotten_flesh":10,"minecraft:stone_axe":1,"minecraft:oak_sapling":4,"minecraft:mutton":4,"minecraft:coal":101,"minecraft:white_wool":5,"minecraft:cobblestone":146},"minecraft:broken":{"minecraft:stone_pickaxe":1,"minecraft:wooden_pickaxe":1},"minecraft:custom":{"minecraft:interact_with_furnace":21,"minecraft:mob_kills":24,"minecraft:interact_with_crafting_table":25,"minecraft:leave_game":8,"minecraft:time_since_death":43904,"minecraft:sleep_in_bed":3,"minecraft:time_since_rest":10806,"minecraft:sprint_one_cm":61436,"minecraft:damage_taken":1088,"minecraft:walk_one_cm":59930,"minecraft:drop":3,"minecraft:damage_dealt":3437,"minecraft:swim_one_cm":121,"minecraft:fly_one_cm":297680,"minecraft:crouch_one_cm":20507,"minecraft:play_time":84651,"minecraft:deaths":1,"minecraft:sneak_time":8987,"minecraft:walk_under_water_one_cm":7548,"minecraft:jump":944,"minecraft:walk_on_water_one_cm":5876,"minecraft:total_world_time":84651,"minecraft:fall_one_cm":19335},"minecraft:mined":{"minecraft:crafting_table":2,"minecraft:grass_block":1,"minecraft:tall_grass":7,"minecraft:copper_ore":11,"minecraft:cobblestone":13,"minecraft:iron_ore":13,"minecraft:grass":5,"minecraft:oak_log":18,"minecraft:coal_ore":81,"minecraft:dirt":4,"minecraft:stone":112,"minecraft:oak_leaves":4}},"DataVersion":3465}