{"stats":{"minecraft:crafted":{"minecraft:oak_planks":16,"minecraft:stone_shovel":1,"minecraft:stick":8,"minecraft:stone_pickaxe":1,"minecraft:stone_sword":1,"minecraft:stone_hoe":1,"minecraft:stone_axe":1},"minecraft:used":{"minecraft:oak_log":39,"minecraft:wooden_axe":7,"minecraft:apple":2,"minecraft:stone_shovel":79,"minecraft:stone_pickaxe":18,"minecraft:wooden_pickaxe":12,"minecraft:stone_axe":47,"minecraft:dirt":72},"minecraft:picked_up":{"minecraft:stick":11,"minecraft:dandelion":2,"minecraft:oak_log":43,"minecraft:dirt":72,"minecraft:apple":2,"minecraft:wheat_seeds":25,"minecraft:oak_sapling":22,"minecraft:oak_planks":3,"minecraft:cobblestone":27},"minecraft:custom":{"minecraft:time_since_rest":4456,"minecraft:interact_with_furnace":3,"minecraft:sprint_one_cm":37521,"minecraft:damage_taken":60,"minecraft:walk_one_cm":97360,"minecraft:interact_with_crafting_table":3,"minecraft:fly_one_cm":76979,"minecraft:open_chest":3,"minecraft:crouch_one_cm":634,"minecraft:play_time":18093,"minecraft:sneak_time":112,"minecraft:jump":381,"minecraft:leave_game":1,"minecraft:walk_on_water_one_cm":468,"minecraft:time_since_death":18093,"minecraft:sleep_in_bed":3,"minecraft:total_world_time":18093,"minecraft:fall_one_cm":9259},"minecraft:mined":{"minecraft:dandelion":3,"minecraft:grass":170,"minecraft:grass_block":75,"minecraft:oak_log":43,"minecraft:tall_grass":68,"minecraft:cobblestone":3,"minecraft:stone":24,"minecraft:oak_planks":3,"minecraft:oak_leaves":2}},"DataVersion":3465}