{"stats":{"minecraft:mined":{"minecraft:dandelion":3,"minecraft:grass":171,"minecraft:grass_block":76,"minecraft:oak_log":43,"minecraft:dirt":7,"minecraft:tall_grass":68,"minecraft:cobblestone":3,"minecraft:stone":24,"minecraft:oak_planks":3,"minecraft:oak_leaves":2},"minecraft:used":{"minecraft:oak_log":39,"minecraft:wooden_axe":7,"minecraft:apple":2,"minecraft:stone_shovel":87,"minecraft:stone_pickaxe":18,"minecraft:wooden_pickaxe":12,"minecraft:rotten_flesh":5,"minecraft:stone_axe":47,"minecraft:dirt":78},"minecraft:crafted":{"minecraft:oak_planks":16,"minecraft:stone_shovel":1,"minecraft:stick":8,"minecraft:stone_pickaxe":1,"minecraft:stone_sword":1,"minecraft:stone_hoe":1,"minecraft:stone_axe":1},"minecraft:custom":{"minecraft:time_since_rest":7269,"minecraft:interact_with_furnace":8,"minecraft:sprint_one_cm":41205,"minecraft:damage_taken":120,"minecraft:walk_one_cm":109644,"minecraft:interact_with_crafting_table":5,"minecraft:fly_one_cm":83266,"minecraft:open_chest":10,"minecraft:crouch_one_cm":893,"minecraft:play_time":20906,"minecraft:sneak_time":164,"minecraft:jump":435,"minecraft:leave_game":1,"minecraft:walk_on_water_one_cm":468,"minecraft:time_since_death":20906,"minecraft:sleep_in_bed":3,"minecraft:total_world_time":20906,"minecraft:fall_one_cm":9468},"minecraft:picked_up":{"minecraft:stick":11,"minecraft:dandelion":2,"minecraft:oak_log":43,"minecraft:dirt":81,"moreusefulcopper:copper_bucket":1,"minecraft:apple":2,"minecraft:wheat_seeds":25,"minecraft:oak_sapling":22,"minecraft:oak_planks":3,"minecraft:cobblestone":27}},"DataVersion":3465}