{"stats":{"minecraft:used":{"minecraft:stone_axe":46,"minecraft:wooden_axe":7,"minecraft:dirt":32,"minecraft:apple":2,"minecraft:stone_shovel":33,"minecraft:stone_pickaxe":18,"minecraft:wooden_pickaxe":12,"minecraft:oak_log":4},"minecraft:crafted":{"minecraft:stone_sword":1,"minecraft:oak_planks":16,"minecraft:stone_shovel":1,"minecraft:stone_hoe":1,"minecraft:stone_axe":1,"minecraft:stick":8,"minecraft:stone_pickaxe":1},"minecraft:picked_up":{"minecraft:stick":11,"minecraft:apple":2,"minecraft:wheat_seeds":1,"minecraft:oak_log":42,"minecraft:oak_sapling":22,"minecraft:oak_planks":3,"minecraft:dirt":32,"minecraft:cobblestone":27},"minecraft:custom":{"minecraft:time_since_rest":3063,"minecraft:open_chest":3,"minecraft:play_time":12130,"minecraft:crouch_one_cm":628,"minecraft:sprint_one_cm":24126,"minecraft:interact_with_furnace":3,"minecraft:damage_taken":60,"minecraft:walk_one_cm":55917,"minecraft:sneak_time":101,"minecraft:jump":326,"minecraft:time_since_death":12130,"minecraft:walk_on_water_one_cm":468,"minecraft:sleep_in_bed":1,"minecraft:total_world_time":12130,"minecraft:interact_with_crafting_table":3,"minecraft:fall_one_cm":8632,"minecraft:fly_one_cm":69044},"minecraft:mined":{"minecraft:grass_block":33,"minecraft:oak_log":42,"minecraft:tall_grass":4,"minecraft:cobblestone":3,"minecraft:stone":24,"minecraft:oak_planks":3,"minecraft:oak_leaves":2,"minecraft:grass":1}},"DataVersion":3465}