{"stats":{"minecraft:mined":{"minecraft:light_gray_carpet":1,"minecraft:spruce_planks":1,"minecraft:brown_mushroom":1,"blue_skies:moonstone":4,"minecraft:cave_vines_plant":1,"minecraft:cobblestone":18,"minecraft:deepslate_coal_ore":6,"minecraft:moss_block":3,"minecraft:oak_planks":6,"minecraft:wall_torch":1,"minecraft:gray_bed":1,"minecraft:spruce_log":17,"minecraft:andesite":17,"minecraft:grass":5,"minecraft:cave_vines":1,"minecraft:oak_log":19,"minecraft:coal_ore":9,"blue_skies:spider_webbing":3,"minecraft:cobweb":1,"minecraft:stone":52,"minecraft:oak_leaves":6},"minecraft:killed":{"minecraft:pig":2,"minecraft:spider":1,"minecraft:sheep":2,"minecraft:skeleton":3,"minecraft:donkey":1,"minecraft:zombie":2,"minecraft:chicken":2},"minecraft:used":{"minecraft:moss_block":2,"minecraft:stone_sword":31,"minecraft:tropical_fish":1,"minecraft:stone_pickaxe":102,"minecraft:oak_planks":39,"minecraft:light_gray_carpet":1,"minecraft:spruce_planks":1,"minecraft:wooden_pickaxe":6,"naturalist:duck_egg":1,"minecraft:oak_door":3,"minecraft:torch":9,"minecraft:crafting_table":4,"minecraft:crossbow":8,"minecraft:white_bed":1,"minecraft:apple":6,"minecraft:chicken":1,"minecraft:bread":6,"minecraft:stone_axe":59,"minecraft:cobblestone":41,"minecraft:sweet_berries":3,"minecraft:oak_sapling":5,"minecraft:gray_bed":1,"minecraft:oak_boat":3,"minecraft:cooked_beef":6,"blue_skies:moonstone":3},"minecraft:killed_by":{"minecraft:skeleton":1},"minecraft:dropped":{"minecraft:stone_axe":1,"minecraft:glow_ink_sac":4,"minecraft:rotten_flesh":8,"minecraft:stick":3,"minecraft:leather_chestplate":1,"minecraft:oak_sapling":5,"minecraft:arrow":5},"minecraft:crafted":{"blue_skies:blue_journal":1,"minecraft:oak_door":3,"minecraft:oak_planks":76,"minecraft:crafting_table":4,"minecraft:wooden_pickaxe":1,"minecraft:stone_axe":2,"minecraft:oak_boat":1,"minecraft:stick":12,"minecraft:leather_chestplate":1,"minecraft:stone_pickaxe":2,"minecraft:stone_sword":1,"minecraft:white_bed":1,"minecraft:torch":8},"minecraft:custom":{"minecraft:interact_with_furnace":1,"minecraft:mob_kills":15,"minecraft:traded_with_villager":1,"minecraft:interact_with_crafting_table":14,"minecraft:open_barrel":6,"minecraft:leave_game":4,"minecraft:time_since_death":0,"minecraft:sleep_in_bed":7,"minecraft:climb_one_cm":1986,"minecraft:time_since_rest":683,"minecraft:sprint_one_cm":144638,"minecraft:damage_taken":951,"minecraft:walk_one_cm":132231,"minecraft:drop":9,"minecraft:damage_dealt":1978,"minecraft:swim_one_cm":3831,"minecraft:talked_to_villager":3,"minecraft:fly_one_cm":183194,"minecraft:open_chest":3,"minecraft:crouch_one_cm":3438,"minecraft:play_time":52297,"minecraft:deaths":2,"minecraft:sneak_time":823,"minecraft:walk_under_water_one_cm":1211,"minecraft:jump":776,"minecraft:walk_on_water_one_cm":2172,"minecraft:interact_with_smoker":2,"minecraft:total_world_time":52297,"minecraft:fall_one_cm":22551},"minecraft:picked_up":{"minecraft:cooked_beef":6,"minecraft:chicken":1,"minecraft:glow_ink_sac":4,"minecraft:andesite":17,"minecraft:leather":9,"minecraft:brown_mushroom":1,"blue_skies:moonstone":4,"moreusefulcopper:copper_leggings":1,"minecraft:oak_log":19,"minecraft:string":4,"minecraft:apple":2,"minecraft:spruce_planks":1,"minecraft:stone_pickaxe":1,"minecraft:oak_boat":2,"moreusefulcopper:copper_chestplate":1,"minecraft:moss_block":2,"minecraft:gray_bed":1,"minecraft:oak_planks":48,"moreusefulcopper:copper_helmet":1,"minecraft:stick":15,"patchouli:guide_book":1,"minecraft:torch":1,"minecraft:porkchop":4,"minecraft:spruce_sapling":4,"minecraft:spruce_log":17,"minecraft:spider_eye":1,"naturalist:duck_egg":1,"minecraft:arrow":7,"minecraft:rotten_flesh":9,"minecraft:tropical_fish":1,"minecraft:stone_axe":1,"minecraft:oak_sapling":22,"minecraft:light_gray_carpet":1,"moreusefulcopper:copper_boots":1,"minecraft:mutton":2,"minecraft:coal":15,"minecraft:white_wool":5,"minecraft:cobblestone":65}},"DataVersion":3465}