{"stats":{"minecraft:killed_by":{"minecraft:skeleton":1},"minecraft:killed":{"minecraft:sheep":2,"minecraft:skeleton":1,"minecraft:donkey":1,"minecraft:pig":1},"minecraft:dropped":{"minecraft:glow_ink_sac":4,"minecraft:arrow":1},"minecraft:used":{"minecraft:stone_pickaxe":27,"minecraft:oak_planks":10,"minecraft:wooden_pickaxe":6,"minecraft:oak_door":3,"minecraft:stone_axe":26,"minecraft:cobblestone":11,"minecraft:crafting_table":1,"minecraft:white_bed":1,"minecraft:cooked_beef":1},"minecraft:crafted":{"minecraft:oak_door":3,"minecraft:oak_planks":60,"minecraft:crafting_table":1,"minecraft:stick":4,"minecraft:wooden_pickaxe":1,"minecraft:stone_pickaxe":1,"minecraft:white_bed":1,"minecraft:stone_axe":1},"minecraft:picked_up":{"minecraft:stick":11,"minecraft:cooked_beef":6,"minecraft:glow_ink_sac":4,"patchouli:guide_book":1,"minecraft:leather":9,"moreusefulcopper:copper_leggings":1,"minecraft:porkchop":2,"minecraft:oak_log":15,"minecraft:spider_eye":1,"minecraft:arrow":5,"minecraft:apple":2,"minecraft:stone_pickaxe":1,"moreusefulcopper:copper_chestplate":1,"minecraft:oak_sapling":17,"moreusefulcopper:copper_boots":1,"minecraft:mutton":2,"minecraft:oak_planks":42,"moreusefulcopper:copper_helmet":1,"minecraft:white_wool":5,"minecraft:cobblestone":30},"minecraft:custom":{"minecraft:time_since_rest":4087,"minecraft:sprint_one_cm":38465,"minecraft:damage_taken":315,"minecraft:walk_one_cm":33997,"minecraft:mob_kills":5,"minecraft:drop":2,"minecraft:damage_dealt":531,"minecraft:interact_with_crafting_table":5,"minecraft:fly_one_cm":72284,"minecraft:open_chest":1,"minecraft:crouch_one_cm":1415,"minecraft:play_time":15274,"minecraft:deaths":1,"minecraft:sneak_time":237,"minecraft:jump":237,"minecraft:leave_game":2,"minecraft:walk_on_water_one_cm":120,"minecraft:time_since_death":6234,"minecraft:sleep_in_bed":2,"minecraft:total_world_time":15274,"minecraft:fall_one_cm":6003},"minecraft:mined":{"minecraft:grass":5,"minecraft:oak_log":15,"minecraft:cobblestone":11,"minecraft:stone":22,"minecraft:oak_leaves":5}},"DataVersion":3465}