{"stats":{"minecraft:killed_by":{"minecraft:skeleton":1},"minecraft:killed":{"minecraft:pig":2,"minecraft:sheep":2,"minecraft:skeleton":1,"minecraft:donkey":1,"minecraft:zombie":1},"minecraft:used":{"minecraft:stone_sword":3,"minecraft:stone_pickaxe":47,"minecraft:oak_planks":18,"minecraft:wooden_pickaxe":6,"naturalist:duck_egg":1,"minecraft:oak_door":3,"minecraft:crafting_table":3,"minecraft:white_bed":1,"minecraft:stone_axe":31,"minecraft:cobblestone":13,"minecraft:oak_sapling":5,"minecraft:oak_boat":3,"minecraft:cooked_beef":2},"minecraft:dropped":{"minecraft:stone_axe":1,"minecraft:glow_ink_sac":4,"minecraft:stick":3,"minecraft:leather_chestplate":1,"minecraft:oak_sapling":5,"minecraft:arrow":5},"minecraft:crafted":{"minecraft:oak_door":3,"minecraft:oak_planks":76,"minecraft:crafting_table":3,"minecraft:wooden_pickaxe":1,"minecraft:stone_axe":2,"minecraft:oak_boat":1,"minecraft:stick":12,"minecraft:leather_chestplate":1,"minecraft:stone_pickaxe":2,"minecraft:stone_sword":1,"minecraft:white_bed":1},"minecraft:picked_up":{"minecraft:cooked_beef":6,"minecraft:glow_ink_sac":4,"minecraft:leather":9,"minecraft:brown_mushroom":1,"moreusefulcopper:copper_leggings":1,"minecraft:oak_log":19,"minecraft:apple":2,"minecraft:stone_pickaxe":1,"minecraft:oak_boat":2,"moreusefulcopper:copper_chestplate":1,"minecraft:gray_bed":1,"minecraft:oak_planks":42,"moreusefulcopper:copper_helmet":1,"minecraft:stick":11,"patchouli:guide_book":1,"minecraft:porkchop":4,"minecraft:spider_eye":1,"naturalist:duck_egg":1,"minecraft:arrow":5,"minecraft:stone_axe":1,"minecraft:oak_sapling":22,"minecraft:light_gray_carpet":1,"moreusefulcopper:copper_boots":1,"minecraft:mutton":2,"minecraft:coal":15,"minecraft:white_wool":5,"minecraft:cobblestone":32},"minecraft:custom":{"minecraft:interact_with_furnace":1,"minecraft:mob_kills":7,"minecraft:interact_with_crafting_table":9,"minecraft:open_barrel":2,"minecraft:time_since_death":18234,"minecraft:leave_game":2,"minecraft:sleep_in_bed":2,"minecraft:time_since_rest":16087,"minecraft:sprint_one_cm":82286,"minecraft:damage_taken":335,"minecraft:walk_one_cm":61926,"minecraft:drop":7,"minecraft:damage_dealt":830,"minecraft:swim_one_cm":3831,"minecraft:fly_one_cm":112187,"minecraft:open_chest":2,"minecraft:crouch_one_cm":2355,"minecraft:play_time":27274,"minecraft:deaths":1,"minecraft:sneak_time":402,"minecraft:walk_under_water_one_cm":1211,"minecraft:jump":421,"minecraft:walk_on_water_one_cm":2114,"minecraft:total_world_time":27274,"minecraft:interact_with_smoker":2,"minecraft:fall_one_cm":10400},"minecraft:mined":{"minecraft:light_gray_carpet":1,"minecraft:brown_mushroom":1,"minecraft:cobblestone":13,"minecraft:deepslate_coal_ore":6,"minecraft:gray_bed":1,"minecraft:grass":5,"minecraft:oak_log":19,"minecraft:coal_ore":9,"minecraft:stone":22,"minecraft:oak_leaves":6}},"DataVersion":3465}