{"stats":{"minecraft:mined":{"minecraft:light_gray_carpet":1,"minecraft:spruce_planks":1,"minecraft:brown_mushroom":1,"blue_skies:moonstone":4,"minecraft:cobblestone":13,"minecraft:deepslate_coal_ore":6,"minecraft:gray_bed":1,"minecraft:grass":5,"minecraft:oak_log":19,"minecraft:coal_ore":9,"blue_skies:spider_webbing":3,"minecraft:cobweb":1,"minecraft:stone":22,"minecraft:oak_leaves":6},"minecraft:killed":{"minecraft:pig":2,"minecraft:sheep":2,"minecraft:skeleton":1,"minecraft:donkey":1,"minecraft:zombie":1,"minecraft:chicken":2},"minecraft:used":{"minecraft:stone_sword":9,"minecraft:stone_pickaxe":47,"minecraft:oak_planks":39,"minecraft:light_gray_carpet":1,"minecraft:spruce_planks":1,"minecraft:wooden_pickaxe":6,"naturalist:duck_egg":1,"minecraft:oak_door":3,"minecraft:crafting_table":3,"minecraft:crossbow":3,"minecraft:white_bed":1,"minecraft:apple":1,"minecraft:bread":2,"minecraft:stone_axe":32,"minecraft:cobblestone":18,"minecraft:oak_sapling":5,"minecraft:gray_bed":1,"minecraft:oak_boat":3,"minecraft:cooked_beef":2,"blue_skies:moonstone":3},"minecraft:killed_by":{"minecraft:skeleton":1},"minecraft:dropped":{"minecraft:stone_axe":1,"minecraft:glow_ink_sac":4,"minecraft:stick":3,"minecraft:leather_chestplate":1,"minecraft:oak_sapling":5,"minecraft:arrow":5},"minecraft:crafted":{"blue_skies:blue_journal":1,"minecraft:oak_door":3,"minecraft:oak_planks":76,"minecraft:crafting_table":3,"minecraft:wooden_pickaxe":1,"minecraft:stone_axe":2,"minecraft:oak_boat":1,"minecraft:stick":12,"minecraft:leather_chestplate":1,"minecraft:stone_pickaxe":2,"minecraft:stone_sword":1,"minecraft:white_bed":1},"minecraft:custom":{"minecraft:interact_with_furnace":1,"minecraft:mob_kills":9,"minecraft:traded_with_villager":1,"minecraft:interact_with_crafting_table":9,"minecraft:open_barrel":6,"minecraft:leave_game":3,"minecraft:time_since_death":30098,"minecraft:sleep_in_bed":7,"minecraft:climb_one_cm":1970,"minecraft:time_since_rest":794,"minecraft:sprint_one_cm":119698,"minecraft:damage_taken":416,"minecraft:walk_one_cm":89238,"minecraft:drop":7,"minecraft:damage_dealt":910,"minecraft:swim_one_cm":3831,"minecraft:talked_to_villager":2,"minecraft:fly_one_cm":156506,"minecraft:open_chest":3,"minecraft:crouch_one_cm":2820,"minecraft:play_time":39138,"minecraft:deaths":1,"minecraft:sneak_time":468,"minecraft:walk_under_water_one_cm":1211,"minecraft:jump":583,"minecraft:walk_on_water_one_cm":2114,"minecraft:interact_with_smoker":2,"minecraft:total_world_time":39138,"minecraft:fall_one_cm":16326},"minecraft:picked_up":{"minecraft:cooked_beef":6,"minecraft:chicken":1,"minecraft:glow_ink_sac":4,"minecraft:leather":9,"minecraft:brown_mushroom":1,"blue_skies:moonstone":4,"moreusefulcopper:copper_leggings":1,"minecraft:oak_log":19,"minecraft:string":4,"minecraft:apple":2,"minecraft:spruce_planks":1,"minecraft:stone_pickaxe":1,"minecraft:oak_boat":2,"moreusefulcopper:copper_chestplate":1,"minecraft:gray_bed":1,"minecraft:oak_planks":42,"moreusefulcopper:copper_helmet":1,"minecraft:stick":11,"patchouli:guide_book":1,"minecraft:porkchop":4,"minecraft:spider_eye":1,"naturalist:duck_egg":1,"minecraft:arrow":5,"minecraft:stone_axe":1,"minecraft:oak_sapling":22,"minecraft:light_gray_carpet":1,"moreusefulcopper:copper_boots":1,"minecraft:mutton":2,"minecraft:coal":15,"minecraft:white_wool":5,"minecraft:cobblestone":32}},"DataVersion":3465}