{"stats":{"minecraft:crafted":{"minecraft:oak_planks":16},"minecraft:picked_up":{"minecraft:stick":3,"minecraft:oak_log":4,"minecraft:oak_sapling":3},"minecraft:custom":{"minecraft:jump":36,"minecraft:time_since_rest":3419,"minecraft:damage_taken":10,"minecraft:crouch_one_cm":742,"minecraft:sprint_one_cm":8508,"minecraft:play_time":3419,"minecraft:time_since_death":3419,"minecraft:walk_one_cm":6081,"minecraft:sneak_time":114,"minecraft:total_world_time":3419,"minecraft:fall_one_cm":418,"minecraft:fly_one_cm":7276},"minecraft:mined":{"minecraft:oak_log":4,"minecraft:oak_leaves":5}},"DataVersion":3465}